{
    "mean_seconds": 1931.4375,
    "median_seconds": 1853.5,
    "std_seconds": 615.1137735631379,
    "min_seconds": 999,
    "max_seconds": 4168,
    "mean_minutes": 32.190625,
    "median_minutes": 30.891666666666666,
    "std_minutes": 10.251896226052299,
    "min_minutes": 16.65,
    "max_minutes": 69.46666666666667,
    "durations": [
        1052,
        1397,
        1511,
        1728,
        1488,
        1555,
        1032,
        1743,
        1800,
        1874,
        2000,
        2356,
        2183,
        2217,
        2765,
        2579,
        2511,
        2796,
        1585,
        1348,
        1157,
        1903,
        1092,
        1919,
        1241,
        2333,
        2387,
        2947,
        2919,
        4168,
        999,
        1543,
        1216,
        1558,
        1555,
        1963,
        1833,
        1609,
        1630,
        1645,
        1972,
        1745,
        1904,
        2129,
        2058,
        2535,
        2761,
        2468
    ]
}